date,product,category,region,city,channel,quantity,unit_price,unit_cost,total_sales,total_cost,profit
2025-01-11,智能手表,电子产品,华东,苏州,团购渠道,21,1644.58,760.45,34536.18,15969.45,18566.73
2025-01-11,平板电脑,电子产品,华西,成都,直营网站,40,7109.92,2902.51,284396.8,116100.4,168296.4
2025-01-11,手机,配件,华西,重庆,电商平台,21,6213.07,4005.33,130474.47,84111.93,46362.54
2025-01-11,智能手表,配件,华北,北京,代理商,42,561.99,443.69,23603.58,18634.98,4968.6
2025-01-11,平板电脑,配件,华东,苏州,线下门店,3,8613.41,5789.27,25840.23,17367.81,8472.42
2025-01-11,笔记本电脑,电子产品,华南,厦门,线下门店,14,8103.13,4228.58,113443.82,59200.12,54243.7
2025-01-12,手机,配件,华西,西安,直营网站,7,6138.97,4501.57,42972.79,31510.99,11461.8
2025-01-12,平板电脑,配件,华北,太原,电商平台,40,7578.08,4319.98,303123.2,172799.2,130324.0
2025-01-12,手机,配件,华南,广州,电商平台,26,4552.57,2540.61,118366.82,66055.86,52310.96
2025-01-12,耳机,配件,华东,苏州,直营网站,40,8460.89,5913.55,338435.6,236542.0,101893.6
2025-01-12,智能手表,配件,华南,广州,直营网站,45,1495.15,1077.82,67281.75,48501.9,18779.85
2025-01-12,笔记本电脑,电子产品,华东,上海,线下门店,44,3005.53,1219.14,132243.32,53642.16,78601.16
2025-01-12,平板电脑,电子产品,华西,西安,代理商,33,6099.0,4699.4,201267.0,155080.2,46186.8
2025-01-13,笔记本电脑,配件,华东,上海,直营网站,34,1044.56,572.76,35515.04,19473.84,16041.2
2025-01-13,智能手表,电子产品,华西,昆明,代理商,35,4774.93,2138.39,167122.55,74843.65,92278.9
2025-01-13,平板电脑,电子产品,华北,天津,代理商,9,7135.56,3170.73,64220.04,28536.57,35683.47
2025-01-13,耳机,电子产品,华东,杭州,线下门店,32,6985.61,3183.57,223539.52,101874.24,121665.28
2025-01-14,平板电脑,电子产品,华西,成都,代理商,22,8816.63,5728.53,193965.86,126027.66,67938.2
2025-01-14,笔记本电脑,电子产品,华南,厦门,直营网站,44,1947.04,1473.96,85669.76,64854.24,20815.52
2025-01-14,平板电脑,配件,华南,珠海,直营网站,25,3248.23,1442.28,81205.75,36057.0,45148.75
2025-01-14,笔记本电脑,电子产品,华南,广州,直营网站,13,8621.23,3472.47,112075.99,45142.11,66933.88
2025-01-14,平板电脑,电子产品,华南,广州,线下门店,42,3442.39,2675.3,144580.38,112362.6,32217.78
2025-01-14,笔记本电脑,配件,华北,天津,线下门店,12,2592.64,1552.73,31111.68,18632.76,12478.92
2025-01-14,笔记本电脑,电子产品,华北,太原,线下门店,49,9768.49,5513.48,478656.01,270160.52,208495.49
2025-01-15,笔记本电脑,电子产品,华东,南京,电商平台,44,4533.05,2815.74,199454.2,123892.56,75561.64
2025-01-15,耳机,电子产品,华东,苏州,代理商,17,7309.34,3999.04,124258.78,67983.68,56275.1
2025-01-15,耳机,配件,华南,深圳,代理商,48,8003.62,3683.96,384173.76,176830.08,207343.68
2025-01-15,平板电脑,配件,华西,成都,代理商,20,3326.99,1623.89,66539.8,32477.8,34062.0
2025-01-15,手机,电子产品,华东,杭州,直营网站,32,1052.15,816.69,33668.8,26134.08,7534.72
2025-01-15,手机,配件,华北,石家庄,直营网站,25,2169.81,1337.86,54245.25,33446.5,20798.75
2025-01-15,手机,电子产品,华东,苏州,电商平台,48,5596.49,3424.27,268631.52,164364.96,104266.56
2025-01-16,笔记本电脑,配件,华南,厦门,团购渠道,37,8838.1,4202.36,327009.7,155487.32,171522.38
2025-01-16,笔记本电脑,电子产品,华东,苏州,代理商,20,8882.16,6323.66,177643.2,126473.2,51170.0
2025-01-16,耳机,电子产品,华北,太原,直营网站,38,6722.98,4250.77,255473.24,161529.26,93943.98
2025-01-16,笔记本电脑,电子产品,华北,北京,电商平台,46,5532.46,3744.14,254493.16,172230.44,82262.72
2025-01-17,笔记本电脑,配件,华北,太原,线下门店,14,3321.46,2320.36,46500.44,32485.04,14015.4
2025-01-17,平板电脑,电子产品,华西,成都,直营网站,22,2725.5,1356.2,59961.0,29836.4,30124.6
2025-01-17,智能手表,电子产品,华南,厦门,代理商,27,7968.63,4789.58,215153.01,129318.66,85834.35
2025-01-17,耳机,电子产品,华西,成都,团购渠道,48,2879.65,1179.87,138223.2,56633.76,81589.44
2025-01-17,笔记本电脑,配件,华北,太原,直营网站,30,9543.89,7310.1,286316.7,219303.0,67013.7
2025-01-17,平板电脑,配件,华北,北京,团购渠道,49,5572.37,3504.56,273046.13,171723.44,101322.69
2025-01-17,耳机,电子产品,华西,西安,团购渠道,21,1990.02,1009.72,41790.42,21204.12,20586.3
2025-01-18,手机,电子产品,华南,珠海,电商平台,3,5743.61,2520.7,17230.83,7562.1,9668.73
2025-01-18,手机,电子产品,华东,南京,电商平台,26,7433.61,5045.98,193273.86,131195.48,62078.38
2025-01-18,平板电脑,配件,华西,西安,团购渠道,42,8112.68,5873.95,340732.56,246705.9,94026.66
2025-01-18,笔记本电脑,配件,华北,太原,电商平台,7,5065.01,3643.35,35455.07,25503.45,9951.62
2025-01-18,笔记本电脑,配件,华西,重庆,直营网站,23,373.41,235.83,8588.43,5424.09,3164.34
2025-01-19,平板电脑,电子产品,华南,珠海,团购渠道,22,5949.25,2452.28,130883.5,53950.16,76933.34
2025-01-19,耳机,配件,华南,珠海,代理商,37,5270.21,3731.3,194997.77,138058.1,56939.67
2025-01-19,耳机,配件,华北,石家庄,直营网站,6,611.65,374.66,3669.9,2247.96,1421.94
2025-01-19,平板电脑,电子产品,华西,昆明,团购渠道,42,3297.27,2367.69,138485.34,99442.98,39042.36
2025-01-19,平板电脑,配件,华南,珠海,电商平台,37,1924.9,832.23,71221.3,30792.51,40428.79
2025-01-19,笔记本电脑,配件,华北,北京,电商平台,1,4479.29,2221.35,4479.29,2221.35,2257.94
2025-01-19,笔记本电脑,配件,华北,北京,线下门店,16,5215.29,3456.93,83444.64,55310.88,28133.76
2025-01-19,智能手表,配件,华北,石家庄,代理商,12,5703.77,2643.46,68445.24,31721.52,36723.72
2025-01-20,笔记本电脑,电子产品,华南,厦门,团购渠道,47,503.22,373.48,23651.34,17553.56,6097.78
2025-01-20,耳机,电子产品,华西,昆明,电商平台,26,4967.0,2927.49,129142.0,76114.74,53027.26
2025-01-20,笔记本电脑,配件,华南,广州,电商平台,10,9496.54,7166.77,94965.4,71667.7,23297.7
2025-01-20,耳机,电子产品,华南,深圳,代理商,32,8579.25,5692.14,274536.0,182148.48,92387.52
2025-01-20,耳机,配件,华西,昆明,电商平台,49,8685.27,5685.04,425578.23,278566.96,147011.27
2025-01-20,耳机,配件,华西,重庆,代理商,33,4636.7,2866.62,153011.1,94598.46,58412.64
2025-01-20,智能手表,配件,华东,上海,线下门店,40,9062.97,4334.97,362518.8,173398.8,189120.0
2025-01-20,智能手表,配件,华东,南京,电商平台,35,3431.89,2272.9,120116.15,79551.5,40564.65
2025-01-21,手机,配件,华南,深圳,电商平台,41,5010.77,3393.07,205441.57,139115.87,66325.7
2025-01-21,手机,电子产品,华东,上海,直营网站,25,8054.46,4130.44,201361.5,103261.0,98100.5
2025-01-21,手机,电子产品,华北,太原,代理商,49,7343.31,3312.39,359822.19,162307.11,197515.08
2025-01-21,笔记本电脑,电子产品,华西,昆明,团购渠道,12,4347.04,3044.44,52164.48,36533.28,15631.2
2025-01-21,笔记本电脑,电子产品,华北,天津,线下门店,49,5102.0,3727.43,249998.0,182644.07,67353.93
2025-01-21,智能手表,电子产品,华东,上海,直营网站,12,9589.56,7085.32,115074.72,85023.84,30050.88
2025-01-21,笔记本电脑,电子产品,华西,重庆,直营网站,19,4980.95,2158.31,94638.05,41007.89,53630.16
2025-01-22,平板电脑,配件,华北,太原,代理商,21,7548.51,5409.5,158518.71,113599.5,44919.21
2025-01-22,笔记本电脑,电子产品,华北,北京,电商平台,39,9959.72,4206.47,388429.08,164052.33,224376.75
2025-01-22,平板电脑,电子产品,华北,石家庄,代理商,18,9689.65,6542.57,174413.7,117766.26,56647.44
2025-01-22,手机,配件,华北,北京,团购渠道,40,820.35,597.83,32814.0,23913.2,8900.8
2025-01-22,手机,配件,华北,北京,团购渠道,38,9867.73,5424.37,374973.74,206126.06,168847.68
2025-01-22,笔记本电脑,配件,华西,成都,线下门店,45,7558.44,4160.95,340129.8,187242.75,152887.05
2025-01-22,平板电脑,电子产品,华西,重庆,代理商,10,9072.91,4032.72,90729.1,40327.2,50401.9
2025-01-23,智能手表,电子产品,华南,厦门,电商平台,20,1276.3,570.52,25526.0,11410.4,14115.6
2025-01-23,笔记本电脑,电子产品,华北,石家庄,团购渠道,28,9625.51,5293.53,269514.28,148218.84,121295.44
2025-01-23,笔记本电脑,电子产品,华西,成都,团购渠道,6,8040.88,6361.62,48245.28,38169.72,10075.56
2025-01-23,智能手表,电子产品,华东,上海,团购渠道,11,9199.25,4610.63,101191.75,50716.93,50474.82
2025-01-23,平板电脑,配件,华北,天津,线下门店,49,6987.91,4065.68,342407.59,199218.32,143189.27
2025-01-24,平板电脑,配件,华东,上海,代理商,12,9591.15,4058.45,115093.8,48701.4,66392.4
2025-01-24,耳机,配件,华西,成都,电商平台,28,6503.8,3611.61,182106.4,101125.08,80981.32
2025-01-24,耳机,配件,华西,昆明,团购渠道,41,2673.5,1554.1,109613.5,63718.1,45895.4
2025-01-24,笔记本电脑,电子产品,华北,北京,直营网站,13,6878.84,3198.98,89424.92,41586.74,47838.18
2025-01-24,平板电脑,电子产品,华南,深圳,代理商,5,6172.81,3501.82,30864.05,17509.1,13354.95
2025-01-24,手机,电子产品,华北,北京,线下门店,1,4855.66,3855.95,4855.66,3855.95,999.71
2025-01-24,平板电脑,电子产品,华南,珠海,线下门店,22,8308.73,5214.83,182792.06,114726.26,68065.8
2025-01-25,手机,电子产品,华东,杭州,线下门店,21,658.12,490.88,13820.52,10308.48,3512.04
2025-01-25,笔记本电脑,电子产品,华东,上海,代理商,23,7712.98,5999.98,177398.54,137999.54,39399.0
2025-01-25,手机,电子产品,华北,北京,线下门店,46,2589.28,1320.26,119106.88,60731.96,58374.92
2025-01-26,笔记本电脑,电子产品,华西,昆明,电商平台,28,2759.86,1128.43,77276.08,31596.04,45680.04
2025-01-26,手机,配件,华南,深圳,代理商,12,8182.22,6440.96,98186.64,77291.52,20895.12
2025-01-26,平板电脑,电子产品,华北,太原,团购渠道,21,6429.68,4642.34,135023.28,97489.14,37534.14
2025-01-26,耳机,配件,华南,深圳,电商平台,18,3983.22,2290.31,71697.96,41225.58,30472.38
2025-01-26,手机,配件,华北,天津,线下门店,24,9113.67,4731.67,218728.08,113560.08,105168.0
2025-01-26,手机,电子产品,华北,北京,团购渠道,4,4647.53,3424.47,18590.12,13697.88,4892.24
2025-01-27,耳机,配件,华西,成都,电商平台,6,4976.92,2645.24,29861.52,15871.44,13990.08
2025-01-27,平板电脑,电子产品,华西,西安,代理商,47,1375.91,620.84,64667.77,29179.48,35488.29
2025-01-27,平板电脑,配件,华西,昆明,直营网站,40,6995.36,3950.03,279814.4,158001.2,121813.2
2025-01-28,平板电脑,电子产品,华西,重庆,团购渠道,19,8235.73,4431.09,156478.87,84190.71,72288.16
2025-01-28,手机,电子产品,华南,广州,线下门店,5,4661.71,2249.43,23308.55,11247.15,12061.4
2025-01-28,手机,电子产品,华南,深圳,团购渠道,27,489.19,352.1,13208.13,9506.7,3701.43
2025-01-28,笔记本电脑,配件,华东,苏州,代理商,48,704.67,359.91,33824.16,17275.68,16548.48
2025-01-28,笔记本电脑,配件,华北,石家庄,团购渠道,15,5412.25,4165.36,81183.75,62480.4,18703.35
2025-01-29,手机,配件,华东,南京,电商平台,45,717.18,329.25,32273.1,14816.25,17456.85
2025-01-29,平板电脑,电子产品,华东,杭州,代理商,47,401.67,300.0,18878.49,14100.0,4778.49
2025-01-29,平板电脑,电子产品,华东,苏州,线下门店,37,1904.61,1191.5,70470.57,44085.5,26385.07
2025-01-29,笔记本电脑,电子产品,华南,深圳,直营网站,25,8916.22,5683.53,222905.5,142088.25,80817.25
2025-01-29,耳机,配件,华东,上海,团购渠道,18,960.51,590.56,17289.18,10630.08,6659.1
2025-01-29,手机,电子产品,华西,昆明,线下门店,44,1363.04,699.94,59973.76,30797.36,29176.4
2025-01-29,耳机,配件,华西,重庆,代理商,45,3370.45,2606.96,151670.25,117313.2,34357.05
2025-01-29,智能手表,配件,华北,天津,直营网站,30,1947.01,1000.84,58410.3,30025.2,28385.1
2025-01-30,平板电脑,电子产品,华东,苏州,团购渠道,36,9972.83,7565.83,359021.88,272369.88,86652.0
2025-01-30,耳机,配件,华东,苏州,线下门店,30,1791.79,1195.94,53753.7,35878.2,17875.5
2025-01-30,笔记本电脑,配件,华东,杭州,电商平台,45,7717.98,3664.63,347309.1,164908.35,182400.75
2025-01-31,耳机,电子产品,华西,成都,直营网站,49,5345.42,3650.34,261925.58,178866.66,83058.92
2025-01-31,智能手表,配件,华东,杭州,直营网站,13,5372.64,2260.43,69844.32,29385.59,40458.73
2025-01-31,手机,配件,华南,广州,电商平台,44,2097.13,1413.11,92273.72,62176.84,30096.88
2025-01-31,耳机,电子产品,华东,上海,线下门店,17,1255.29,739.7,21339.93,12574.9,8765.03
2025-01-31,平板电脑,配件,华东,上海,团购渠道,44,4144.33,3204.29,182350.52,140988.76,41361.76
2025-01-31,平板电脑,电子产品,华南,厦门,代理商,35,9271.85,6384.95,324514.75,223473.25,101041.5
2025-01-31,耳机,配件,华北,太原,代理商,41,7529.97,5420.18,308728.77,222227.38,86501.39
2025-01-31,平板电脑,电子产品,华北,北京,代理商,14,5278.35,2868.95,73896.9,40165.3,33731.6
2025-02-01,手机,电子产品,华南,厦门,代理商,38,5443.83,3132.91,206865.54,119050.58,87814.96
2025-02-01,笔记本电脑,电子产品,华北,北京,电商平台,14,759.53,373.39,10633.42,5227.46,5405.96
2025-02-01,平板电脑,配件,华南,珠海,代理商,8,6967.8,3251.82,55742.4,26014.56,29727.84
2025-02-01,智能手表,电子产品,华西,重庆,代理商,36,9977.16,6993.6,359177.76,251769.6,107408.16
2025-02-01,智能手表,电子产品,华东,杭州,线下门店,4,5741.91,4047.95,22967.64,16191.8,6775.84
2025-02-01,平板电脑,配件,华北,天津,团购渠道,31,3850.33,2243.97,119360.23,69563.07,49797.16
2025-02-01,耳机,配件,华东,上海,团购渠道,29,2369.59,1632.41,68718.11,47339.89,21378.22
2025-02-02,平板电脑,电子产品,华东,杭州,直营网站,36,7190.17,4598.92,258846.12,165561.12,93285.0
2025-02-02,耳机,电子产品,华南,深圳,电商平台,46,6188.01,4732.22,284648.46,217682.12,66966.34
2025-02-02,手机,电子产品,华北,石家庄,直营网站,43,9327.97,5839.81,401102.71,251111.83,149990.88
2025-02-02,耳机,电子产品,华西,成都,电商平台,49,5805.25,3730.95,284457.25,182816.55,101640.7
2025-02-03,平板电脑,电子产品,华南,厦门,线下门店,22,9115.79,4094.12,200547.38,90070.64,110476.74
2025-02-03,智能手表,电子产品,华南,深圳,直营网站,23,9216.33,6893.43,211975.59,158548.89,53426.7
2025-02-03,平板电脑,配件,华东,上海,线下门店,9,2135.24,1526.94,19217.16,13742.46,5474.7
2025-02-03,手机,电子产品,华东,杭州,直营网站,25,8648.83,6652.54,216220.75,166313.5,49907.25
2025-02-03,手机,电子产品,华南,珠海,线下门店,43,425.18,325.31,18282.74,13988.33,4294.41
2025-02-03,笔记本电脑,电子产品,华西,重庆,团购渠道,24,3183.58,2267.34,76405.92,54416.16,21989.76
2025-02-03,平板电脑,配件,华南,厦门,电商平台,21,5200.22,4109.3,109204.62,86295.3,22909.32
2025-02-03,笔记本电脑,电子产品,华西,重庆,直营网站,40,5071.73,3236.54,202869.2,129461.6,73407.6
2025-02-04,平板电脑,电子产品,华西,西安,团购渠道,49,461.84,271.94,22630.16,13325.06,9305.1
2025-02-04,平板电脑,配件,华北,天津,代理商,47,5323.71,3267.6,250214.37,153577.2,96637.17
2025-02-04,笔记本电脑,配件,华南,深圳,代理商,4,1901.09,1415.77,7604.36,5663.08,1941.28
2025-02-04,平板电脑,配件,华南,深圳,代理商,46,5313.13,3827.05,244403.98,176044.3,68359.68
2025-02-04,耳机,配件,华南,珠海,团购渠道,8,368.25,180.0,2946.0,1440.0,1506.0
2025-02-04,平板电脑,电子产品,华北,太原,线下门店,47,5737.49,4331.71,269662.03,203590.37,66071.66
2025-02-04,耳机,电子产品,华西,重庆,代理商,32,9888.41,6341.23,316429.12,202919.36,113509.76
2025-02-05,平板电脑,配件,华西,昆明,团购渠道,21,4123.28,2183.67,86588.88,45857.07,40731.81
2025-02-05,手机,电子产品,华南,珠海,线下门店,23,8496.47,3815.86,195418.81,87764.78,107654.03
2025-02-05,平板电脑,配件,华北,太原,电商平台,2,9115.18,5924.0,18230.36,11848.0,6382.36
2025-02-05,平板电脑,配件,华东,南京,代理商,23,438.86,321.36,10093.78,7391.28,2702.5
2025-02-05,智能手表,配件,华西,重庆,线下门店,34,8624.57,4207.1,293235.38,143041.4,150193.98
2025-02-05,手机,配件,华西,昆明,线下门店,10,5701.19,4527.58,57011.9,45275.8,11736.1
2025-02-05,笔记本电脑,配件,华东,上海,线下门店,40,7018.57,3937.56,280742.8,157502.4,123240.4
2025-02-05,笔记本电脑,配件,华南,珠海,直营网站,26,5304.33,2485.99,137912.58,64635.74,73276.84
2025-02-06,平板电脑,配件,华南,厦门,团购渠道,42,5807.51,2959.64,243915.42,124304.88,119610.54
2025-02-06,笔记本电脑,电子产品,华北,天津,电商平台,12,2143.57,866.86,25722.84,10402.32,15320.52
2025-02-06,智能手表,电子产品,华北,石家庄,代理商,40,2582.23,1686.81,103289.2,67472.4,35816.8
2025-02-06,智能手表,电子产品,华南,广州,线下门店,26,4103.38,2906.69,106687.88,75573.94,31113.94
2025-02-06,手机,配件,华南,珠海,线下门店,36,7732.76,3304.21,278379.36,118951.56,159427.8
2025-02-06,平板电脑,配件,华东,苏州,直营网站,49,7243.18,4665.78,354915.82,228623.22,126292.6
2025-02-06,手机,电子产品,华东,苏州,团购渠道,33,2772.12,1707.45,91479.96,56345.85,35134.11
2025-02-07,平板电脑,配件,华东,上海,代理商,45,1631.25,1059.22,73406.25,47664.9,25741.35
2025-02-07,手机,电子产品,华北,北京,线下门店,1,5005.36,3380.42,5005.36,3380.42,1624.94
2025-02-07,手机,电子产品,华东,杭州,代理商,37,123.16,96.94,4556.92,3586.78,970.14
2025-02-07,手机,配件,华东,上海,直营网站,49,1454.5,1134.65,71270.5,55597.85,15672.65
2025-02-07,笔记本电脑,电子产品,华西,重庆,代理商,8,6425.6,4521.14,51404.8,36169.12,15235.68
2025-02-08,笔记本电脑,配件,华北,太原,代理商,26,610.8,407.99,15880.8,10607.74,5273.06
2025-02-08,手机,配件,华东,上海,电商平台,21,4784.78,2512.69,100480.38,52766.49,47713.89
2025-02-08,智能手表,电子产品,华北,石家庄,电商平台,23,7973.88,5565.97,183399.24,128017.31,55381.93
2025-02-08,耳机,电子产品,华东,南京,代理商,42,6481.01,4277.9,272202.42,179671.8,92530.62
2025-02-08,平板电脑,配件,华西,成都,电商平台,3,6993.26,3748.04,20979.78,11244.12,9735.66
2025-02-08,耳机,电子产品,华东,苏州,线下门店,4,7928.16,4182.11,31712.64,16728.44,14984.2
2025-02-08,手机,电子产品,华西,成都,电商平台,44,2406.3,986.01,105877.2,43384.44,62492.76
2025-02-09,手机,配件,华东,杭州,团购渠道,13,3901.24,3015.8,50716.12,39205.4,11510.72
2025-02-09,平板电脑,电子产品,华南,厦门,团购渠道,49,4079.12,2414.64,199876.88,118317.36,81559.52
2025-02-09,笔记本电脑,配件,华西,昆明,线下门店,10,1007.82,538.73,10078.2,5387.3,4690.9
2025-02-09,耳机,电子产品,华北,天津,线下门店,3,4726.38,2452.05,14179.14,7356.15,6822.99
2025-02-10,耳机,配件,华南,广州,线下门店,48,276.95,220.2,13293.6,10569.6,2724.0
2025-02-10,笔记本电脑,电子产品,华北,北京,直营网站,12,9568.52,6881.64,114822.24,82579.68,32242.56
2025-02-10,智能手表,电子产品,华西,重庆,代理商,13,9892.93,6898.75,128608.09,89683.75,38924.34
2025-02-10,耳机,电子产品,华西,昆明,团购渠道,45,1291.35,540.79,58110.75,24335.55,33775.2
2025-02-11,手机,电子产品,华北,天津,代理商,6,8027.62,5233.3,48165.72,31399.8,16765.92
2025-02-11,笔记本电脑,电子产品,华东,苏州,电商平台,49,1821.56,1017.34,89256.44,49849.66,39406.78
2025-02-11,手机,配件,华南,广州,代理商,32,4687.47,3042.99,149999.04,97375.68,52623.36
2025-02-12,笔记本电脑,电子产品,华西,重庆,团购渠道,34,4628.58,2575.66,157371.72,87572.44,69799.28
2025-02-12,平板电脑,配件,华北,北京,代理商,25,8536.72,3535.64,213418.0,88391.0,125027.0
2025-02-12,笔记本电脑,电子产品,华东,杭州,电商平台,24,2601.23,1045.78,62429.52,25098.72,37330.8
2025-02-12,平板电脑,电子产品,华西,重庆,电商平台,6,9625.01,4271.46,57750.06,25628.76,32121.3
2025-02-12,耳机,电子产品,华北,北京,电商平台,40,8840.77,5361.32,353630.8,214452.8,139178.0
2025-02-12,平板电脑,配件,华东,苏州,电商平台,40,5700.75,2889.2,228030.0,115568.0,112462.0
2025-02-12,平板电脑,配件,华西,昆明,线下门店,48,7112.79,5226.52,341413.92,250872.96,90540.96
2025-02-13,智能手表,配件,华西,西安,代理商,38,1973.29,1485.21,74985.02,56437.98,18547.04
2025-02-13,智能手表,配件,华北,石家庄,电商平台,10,8217.47,4038.48,82174.7,40384.8,41789.9
2025-02-13,手机,配件,华南,深圳,团购渠道,29,2661.01,1269.98,77169.29,36829.42,40339.87
2025-02-14,平板电脑,电子产品,华北,北京,电商平台,24,8204.93,3703.54,196918.32,88884.96,108033.36
2025-02-14,平板电脑,配件,华东,南京,线下门店,32,8417.2,4687.21,269350.4,149990.72,119359.68
2025-02-14,智能手表,电子产品,华南,厦门,直营网站,32,7731.46,6022.18,247406.72,192709.76,54696.96
2025-02-14,笔记本电脑,配件,华南,广州,电商平台,1,673.41,289.48,673.41,289.48,383.93
2025-02-14,手机,配件,华南,厦门,团购渠道,12,7521.55,3400.0,90258.6,40800.0,49458.6
2025-02-14,智能手表,配件,华东,上海,代理商,33,3303.74,1967.24,109023.42,64918.92,44104.5
2025-02-14,平板电脑,电子产品,华南,珠海,电商平台,34,2808.9,2243.89,95502.6,76292.26,19210.34
2025-02-15,平板电脑,电子产品,华北,石家庄,团购渠道,29,3053.91,2247.61,88563.39,65180.69,23382.7
2025-02-15,耳机,配件,华东,杭州,代理商,17,9636.04,3975.07,163812.68,67576.19,96236.49
2025-02-15,智能手表,电子产品,华东,苏州,团购渠道,20,4036.18,2057.18,80723.6,41143.6,39580.0
2025-02-16,平板电脑,电子产品,华南,厦门,电商平台,35,408.23,269.7,14288.05,9439.5,4848.55
2025-02-16,耳机,配件,华东,苏州,代理商,8,1676.53,807.22,13412.24,6457.76,6954.48
2025-02-16,智能手表,电子产品,华西,西安,代理商,46,5350.51,2178.43,246123.46,100207.78,145915.68
2025-02-16,智能手表,配件,华西,成都,直营网站,3,1936.04,1132.27,5808.12,3396.81,2411.31
2025-02-16,笔记本电脑,配件,华西,昆明,直营网站,9,2085.19,1244.1,18766.71,11196.9,7569.81
2025-02-17,智能手表,电子产品,华南,厦门,代理商,13,1580.85,926.12,20551.05,12039.56,8511.49
2025-02-17,手机,配件,华东,杭州,代理商,45,7594.89,5932.06,341770.05,266942.7,74827.35
2025-02-17,笔记本电脑,配件,华东,南京,代理商,24,1544.63,681.36,37071.12,16352.64,20718.48
2025-02-17,耳机,配件,华北,天津,电商平台,33,5225.35,2273.79,172436.55,75035.07,97401.48
2025-02-17,智能手表,配件,华北,北京,直营网站,26,4029.54,1825.73,104768.04,47468.98,57299.06
2025-02-17,手机,配件,华南,深圳,电商平台,42,1758.08,776.77,73839.36,32624.34,41215.02
2025-02-17,平板电脑,电子产品,华东,杭州,线下门店,6,6204.39,4002.93,37226.34,24017.58,13208.76
2025-02-17,笔记本电脑,配件,华西,昆明,电商平台,28,8037.11,4306.12,225039.08,120571.36,104467.72
2025-02-18,平板电脑,配件,华西,昆明,电商平台,22,4577.95,3009.69,100714.9,66213.18,34501.72
2025-02-18,笔记本电脑,配件,华南,深圳,代理商,18,697.49,347.94,12554.82,6262.92,6291.9
2025-02-18,智能手表,电子产品,华北,石家庄,电商平台,19,9761.07,5219.81,185460.33,99176.39,86283.94
2025-02-18,智能手表,电子产品,华北,石家庄,代理商,44,5598.1,3849.71,246316.4,169387.24,76929.16
2025-02-18,智能手表,配件,华西,成都,代理商,3,907.11,509.16,2721.33,1527.48,1193.85
2025-02-19,智能手表,配件,华东,杭州,线下门店,7,4679.97,3497.38,32759.79,24481.66,8278.13
2025-02-19,手机,电子产品,华西,昆明,团购渠道,4,7379.97,5218.3,29519.88,20873.2,8646.68
2025-02-19,耳机,配件,华南,广州,代理商,32,5921.78,2438.34,189496.96,78026.88,111470.08
2025-02-19,手机,配件,华西,重庆,电商平台,36,4275.04,2183.4,153901.44,78602.4,75299.04
2025-02-19,平板电脑,配件,华南,广州,直营网站,3,6267.37,4090.24,18802.11,12270.72,6531.39
2025-02-19,笔记本电脑,电子产品,华南,厦门,直营网站,48,6058.37,3956.21,290801.76,189898.08,100903.68
2025-02-19,手机,电子产品,华北,北京,团购渠道,41,2547.59,1906.36,104451.19,78160.76,26290.43
2025-02-20,笔记本电脑,配件,华南,珠海,线下门店,25,9697.18,4880.14,242429.5,122003.5,120426.0
2025-02-20,智能手表,电子产品,华东,上海,直营网站,36,9701.23,5641.42,349244.28,203091.12,146153.16
2025-02-20,平板电脑,配件,华东,南京,电商平台,29,3436.33,2513.86,99653.57,72901.94,26751.63
2025-02-20,笔记本电脑,电子产品,华西,昆明,代理商,12,7097.09,3313.04,85165.08,39756.48,45408.6
2025-02-20,耳机,配件,华北,石家庄,团购渠道,47,6671.66,3935.29,313568.02,184958.63,128609.39
2025-02-20,笔记本电脑,配件,华西,昆明,直营网站,47,8695.89,4194.35,408706.83,197134.45,211572.38
2025-02-20,智能手表,配件,华南,深圳,电商平台,9,5358.58,4150.98,48227.22,37358.82,10868.4
2025-02-20,智能手表,电子产品,华东,杭州,团购渠道,5,1122.76,711.68,5613.8,3558.4,2055.4
2025-02-21,手机,配件,华北,天津,代理商,43,272.06,143.99,11698.58,6191.57,5507.01
2025-02-21,智能手表,电子产品,华东,杭州,代理商,23,6701.96,3055.16,154145.08,70268.68,83876.4
2025-02-21,智能手表,配件,华西,重庆,电商平台,8,9702.13,4245.27,77617.04,33962.16,43654.88
2025-02-21,智能手表,配件,华南,广州,电商平台,1,8397.34,6531.83,8397.34,6531.83,1865.51
2025-02-21,手机,配件,华南,深圳,线下门店,26,8702.16,5467.08,226256.16,142144.08,84112.08
2025-02-21,耳机,电子产品,华西,成都,直营网站,33,6046.03,4693.84,199518.99,154896.72,44622.27
2025-02-22,智能手表,配件,华北,北京,电商平台,28,1676.95,1076.57,46954.6,30143.96,16810.64
2025-02-22,笔记本电脑,电子产品,华北,北京,团购渠道,9,995.77,513.29,8961.93,4619.61,4342.32
2025-02-22,平板电脑,配件,华南,广州,直营网站,38,4437.91,3375.25,168640.58,128259.5,40381.08
2025-02-22,智能手表,电子产品,华东,杭州,团购渠道,11,3819.16,1981.18,42010.76,21792.98,20217.78
2025-02-22,笔记本电脑,电子产品,华东,上海,直营网站,7,5678.05,3135.24,39746.35,21946.68,17799.67
2025-02-22,智能手表,电子产品,华北,北京,线下门店,35,2349.97,1008.79,82248.95,35307.65,46941.3
2025-02-22,平板电脑,配件,华南,深圳,电商平台,2,4688.59,2587.7,9377.18,5175.4,4201.78
2025-02-22,手机,配件,华西,重庆,直营网站,29,3478.35,1920.32,100872.15,55689.28,45182.87
2025-02-23,智能手表,电子产品,华西,昆明,代理商,48,5539.2,3870.52,265881.6,185784.96,80096.64
2025-02-23,耳机,电子产品,华东,上海,团购渠道,23,4365.53,3312.07,100407.19,76177.61,24229.58
2025-02-23,智能手表,配件,华东,上海,直营网站,11,3862.74,1849.72,42490.14,20346.92,22143.22
2025-02-23,智能手表,配件,华东,南京,团购渠道,4,2642.09,1357.9,10568.36,5431.6,5136.76
2025-02-24,智能手表,电子产品,华西,西安,电商平台,36,7204.59,4034.3,259365.24,145234.8,114130.44
2025-02-24,智能手表,配件,华南,广州,代理商,7,6843.07,3233.87,47901.49,22637.09,25264.4
2025-02-24,智能手表,电子产品,华东,杭州,线下门店,42,1933.76,1483.39,81217.92,62302.38,18915.54
2025-02-24,耳机,配件,华南,珠海,线下门店,44,529.78,346.08,23310.32,15227.52,8082.8
2025-02-24,平板电脑,电子产品,华东,南京,团购渠道,22,5976.03,4287.79,131472.66,94331.38,37141.28
2025-02-25,手机,电子产品,华北,天津,线下门店,26,2630.89,1370.23,68403.14,35625.98,32777.16
2025-02-25,平板电脑,配件,华西,西安,电商平台,25,1045.8,679.29,26145.0,16982.25,9162.75
2025-02-25,笔记本电脑,电子产品,华南,广州,线下门店,35,8705.67,5129.0,304698.45,179515.0,125183.45
2025-02-25,智能手表,电子产品,华南,厦门,团购渠道,15,2379.44,1148.02,35691.6,17220.3,18471.3
2025-02-26,手机,电子产品,华南,广州,团购渠道,25,9879.08,4490.79,246977.0,112269.75,134707.25
2025-02-26,智能手表,配件,华东,南京,团购渠道,39,7272.72,2955.11,283636.08,115249.29,168386.79
2025-02-26,耳机,配件,华东,苏州,电商平台,38,5826.03,2969.32,221389.14,112834.16,108554.98
2025-02-26,耳机,配件,华北,北京,直营网站,3,4071.76,2226.37,12215.28,6679.11,5536.17
2025-02-26,笔记本电脑,电子产品,华西,成都,线下门店,2,6729.07,2879.86,13458.14,5759.72,7698.42
2025-02-27,手机,电子产品,华南,厦门,团购渠道,3,1984.22,835.23,5952.66,2505.69,3446.97
2025-02-27,耳机,配件,华南,广州,代理商,34,4518.89,2410.5,153642.26,81957.0,71685.26
2025-02-27,耳机,配件,华西,成都,团购渠道,29,6931.05,3329.49,201000.45,96555.21,104445.24
2025-02-27,手机,配件,华南,广州,直营网站,17,3078.45,2439.65,52333.65,41474.05,10859.6
2025-02-27,平板电脑,配件,华南,广州,直营网站,40,298.26,207.25,11930.4,8290.0,3640.4
2025-02-27,耳机,电子产品,华北,天津,团购渠道,20,6273.5,2733.05,125470.0,54661.0,70809.0
2025-02-27,笔记本电脑,电子产品,华西,昆明,直营网站,34,724.78,324.02,24642.52,11016.68,13625.84
2025-02-28,智能手表,配件,华北,北京,电商平台,27,2466.65,1489.58,66599.55,40218.66,26380.89
2025-02-28,平板电脑,配件,华南,珠海,电商平台,4,8746.03,4064.33,34984.12,16257.32,18726.8
2025-02-28,平板电脑,电子产品,华南,厦门,团购渠道,42,5061.41,2828.68,212579.22,118804.56,93774.66
2025-02-28,手机,电子产品,华东,南京,电商平台,30,7242.08,3306.09,217262.4,99182.7,118079.7
2025-03-01,笔记本电脑,电子产品,华北,石家庄,电商平台,27,6980.02,3758.32,188460.54,101474.64,86985.9
2025-03-01,耳机,配件,华西,重庆,线下门店,2,1411.99,1051.66,2823.98,2103.32,720.66
2025-03-01,耳机,电子产品,华南,广州,团购渠道,3,9532.7,6959.64,28598.1,20878.92,7719.18
2025-03-01,智能手表,电子产品,华南,厦门,团购渠道,34,5110.46,2519.56,173755.64,85665.04,88090.6
2025-03-01,智能手表,配件,华西,昆明,直营网站,13,9370.85,7032.28,121821.05,91419.64,30401.41
2025-03-01,智能手表,配件,华东,南京,团购渠道,43,6233.92,4114.89,268058.56,176940.27,91118.29
2025-03-02,平板电脑,电子产品,华东,南京,电商平台,25,675.82,539.27,16895.5,13481.75,3413.75
2025-03-02,智能手表,电子产品,华西,西安,线下门店,23,2467.88,1127.57,56761.24,25934.11,30827.13
2025-03-02,笔记本电脑,配件,华南,深圳,代理商,7,6952.4,2954.19,48666.8,20679.33,27987.47
2025-03-02,耳机,配件,华东,苏州,线下门店,37,6190.67,3234.63,229054.79,119681.31,109373.48
2025-03-02,耳机,配件,华西,重庆,电商平台,37,8877.38,5148.12,328463.06,190480.44,137982.62
2025-03-03,平板电脑,电子产品,华东,苏州,团购渠道,22,9641.84,4815.44,212120.48,105939.68,106180.8
2025-03-03,平板电脑,电子产品,华南,深圳,团购渠道,10,6841.65,3255.79,68416.5,32557.9,35858.6
2025-03-03,智能手表,电子产品,华北,北京,电商平台,45,9761.15,7034.03,439251.75,316531.35,122720.4
2025-03-03,智能手表,配件,华西,成都,代理商,49,5524.8,3214.06,270715.2,157488.94,113226.26
2025-03-03,耳机,配件,华东,上海,电商平台,4,8660.14,4307.48,34640.56,17229.92,17410.64
2025-03-03,手机,配件,华东,上海,团购渠道,29,4648.52,3319.07,134807.08,96253.03,38554.05
2025-03-03,智能手表,电子产品,华北,太原,线下门店,9,9434.03,6826.02,84906.27,61434.18,23472.09
2025-03-04,笔记本电脑,配件,华南,深圳,直营网站,40,4668.63,3057.4,186745.2,122296.0,64449.2
2025-03-04,手机,配件,华东,南京,线下门店,15,8904.97,5167.09,133574.55,77506.35,56068.2
2025-03-04,智能手表,电子产品,华北,太原,直营网站,1,4488.4,1881.23,4488.4,1881.23,2607.17
2025-03-04,笔记本电脑,电子产品,华东,上海,团购渠道,24,1143.14,473.52,27435.36,11364.48,16070.88
2025-03-04,耳机,电子产品,华西,重庆,直营网站,11,9710.42,7544.28,106814.62,82987.08,23827.54
2025-03-04,平板电脑,配件,华东,杭州,电商平台,5,5541.2,4057.34,27706.0,20286.7,7419.3
2025-03-04,手机,配件,华东,苏州,直营网站,17,3024.9,2140.69,51423.3,36391.73,15031.57
2025-03-05,笔记本电脑,配件,华东,南京,代理商,49,2628.59,1325.56,128800.91,64952.44,63848.47
2025-03-05,笔记本电脑,电子产品,华北,天津,电商平台,10,8007.27,4140.79,80072.7,41407.9,38664.8
2025-03-05,手机,配件,华北,北京,直营网站,34,1368.15,732.38,46517.1,24900.92,21616.18
2025-03-06,笔记本电脑,电子产品,华西,西安,直营网站,25,1720.47,876.61,43011.75,21915.25,21096.5
2025-03-06,耳机,电子产品,华西,昆明,代理商,46,225.88,180.02,10390.48,8280.92,2109.56
2025-03-06,手机,配件,华南,珠海,线下门店,12,9197.37,4606.93,110368.44,55283.16,55085.28
2025-03-06,智能手表,配件,华北,天津,直营网站,32,1856.54,1147.36,59409.28,36715.52,22693.76
2025-03-07,笔记本电脑,配件,华西,成都,团购渠道,18,1168.64,787.8,21035.52,14180.4,6855.12
2025-03-07,耳机,电子产品,华南,珠海,代理商,23,8422.96,5838.13,193728.08,134276.99,59451.09
2025-03-07,平板电脑,电子产品,华北,北京,代理商,19,1600.54,700.24,30410.26,13304.56,17105.7
2025-03-07,耳机,电子产品,华北,太原,团购渠道,47,1692.4,1054.73,79542.8,49572.31,29970.49
2025-03-07,笔记本电脑,配件,华北,石家庄,线下门店,4,1081.86,606.49,4327.44,2425.96,1901.48
2025-03-08,手机,电子产品,华北,天津,团购渠道,46,6198.26,2945.47,285119.96,135491.62,149628.34
2025-03-08,笔记本电脑,配件,华北,北京,直营网站,36,151.77,106.91,5463.72,3848.76,1614.96
2025-03-08,耳机,电子产品,华南,深圳,线下门店,34,7610.9,5109.59,258770.6,173726.06,85044.54
2025-03-08,平板电脑,电子产品,华东,南京,代理商,37,1334.67,739.61,49382.79,27365.57,22017.22
2025-03-09,耳机,配件,华西,重庆,代理商,26,3976.1,2246.69,103378.6,58413.94,44964.66
2025-03-09,智能手表,配件,华南,深圳,直营网站,45,1020.61,648.37,45927.45,29176.65,16750.8
2025-03-09,耳机,电子产品,华南,珠海,团购渠道,16,2331.84,1588.4,37309.44,25414.4,11895.04
2025-03-09,手机,配件,华南,珠海,直营网站,19,5032.73,2168.22,95621.87,41196.18,54425.69
2025-03-09,智能手表,配件,华南,深圳,团购渠道,31,8268.79,5028.41,256332.49,155880.71,100451.78
2025-03-09,智能手表,配件,华南,珠海,线下门店,33,977.14,477.08,32245.62,15743.64,16501.98
2025-03-10,耳机,电子产品,华东,杭州,线下门店,45,1817.45,1190.47,81785.25,53571.15,28214.1
2025-03-10,耳机,配件,华东,杭州,直营网站,11,7425.87,5793.11,81684.57,63724.21,17960.36
2025-03-10,智能手表,电子产品,华西,成都,电商平台,3,359.35,147.22,1078.05,441.66,636.39
2025-03-10,智能手表,配件,华北,石家庄,团购渠道,19,2667.04,1525.18,50673.76,28978.42,21695.34
2025-03-10,平板电脑,电子产品,华北,太原,团购渠道,20,8046.17,4693.13,160923.4,93862.6,67060.8
2025-03-11,耳机,配件,华南,厦门,电商平台,35,4424.82,3061.11,154868.7,107138.85,47729.85
2025-03-11,笔记本电脑,配件,华南,厦门,直营网站,31,9233.97,5437.18,286253.07,168552.58,117700.49
2025-03-11,智能手表,配件,华西,昆明,电商平台,30,459.25,234.35,13777.5,7030.5,6747.0
2025-03-11,耳机,配件,华西,重庆,电商平台,25,7789.43,3319.44,194735.75,82986.0,111749.75
2025-03-11,智能手表,配件,华西,西安,直营网站,18,9073.73,4134.88,163327.14,74427.84,88899.3
2025-03-11,耳机,配件,华北,石家庄,电商平台,32,6671.52,5239.53,213488.64,167664.96,45823.68
2025-03-11,智能手表,配件,华南,厦门,线下门店,37,9814.84,4933.06,363149.08,182523.22,180625.86
2025-03-12,手机,电子产品,华西,成都,代理商,25,9475.66,7456.8,236891.5,186420.0,50471.5
2025-03-12,智能手表,电子产品,华北,天津,团购渠道,4,4238.1,1845.85,16952.4,7383.4,9569.0
2025-03-12,笔记本电脑,电子产品,华西,成都,团购渠道,34,4099.38,2529.39,139378.92,85999.26,53379.66
2025-03-12,笔记本电脑,电子产品,华南,深圳,电商平台,1,4343.44,1982.28,4343.44,1982.28,2361.16
2025-03-12,笔记本电脑,配件,华南,深圳,代理商,39,5499.78,2336.91,214491.42,91139.49,123351.93
2025-03-13,耳机,电子产品,华南,珠海,代理商,49,2093.5,1053.97,102581.5,51644.53,50936.97
2025-03-13,耳机,配件,华东,苏州,直营网站,22,277.66,125.09,6108.52,2751.98,3356.54
2025-03-13,耳机,配件,华南,珠海,团购渠道,41,5645.8,3953.71,231477.8,162102.11,69375.69
2025-03-13,笔记本电脑,电子产品,华南,广州,代理商,8,2896.07,1611.06,23168.56,12888.48,10280.08
2025-03-13,平板电脑,配件,华东,苏州,线下门店,43,7778.56,6112.32,334478.08,262829.76,71648.32
2025-03-13,耳机,配件,华西,昆明,直营网站,28,7599.07,3879.91,212773.96,108637.48,104136.48
2025-03-13,笔记本电脑,电子产品,华东,苏州,电商平台,42,4531.27,2823.56,190313.34,118589.52,71723.82
2025-03-13,手机,电子产品,华西,西安,团购渠道,3,8982.14,4199.52,26946.42,12598.56,14347.86
2025-03-14,笔记本电脑,配件,华北,石家庄,团购渠道,32,6577.5,3031.19,210480.0,96998.08,113481.92
2025-03-14,耳机,配件,华南,深圳,代理商,32,1264.68,880.08,40469.76,28162.56,12307.2
2025-03-14,笔记本电脑,电子产品,华北,石家庄,团购渠道,21,7279.34,3852.26,152866.14,80897.46,71968.68
2025-03-14,耳机,配件,华南,珠海,代理商,27,6899.92,3016.73,186297.84,81451.71,104846.13
2025-03-14,耳机,电子产品,华西,重庆,电商平台,5,9737.23,5206.85,48686.15,26034.25,22651.9
2025-03-14,笔记本电脑,配件,华南,深圳,代理商,44,9881.85,7515.33,434801.4,330674.52,104126.88
2025-03-14,耳机,配件,华北,北京,电商平台,22,8299.67,4432.71,182592.74,97519.62,85073.12
2025-03-14,手机,配件,华北,太原,电商平台,33,2474.75,1130.44,81666.75,37304.52,44362.23
2025-03-15,平板电脑,电子产品,华南,深圳,代理商,23,6247.19,3379.42,143685.37,77726.66,65958.71
2025-03-15,智能手表,配件,华东,南京,代理商,35,408.04,283.88,14281.4,9935.8,4345.6
2025-03-15,手机,配件,华东,苏州,直营网站,47,1831.33,1359.39,86072.51,63891.33,22181.18
2025-03-16,笔记本电脑,配件,华东,杭州,代理商,4,8677.23,4218.97,34708.92,16875.88,17833.04
2025-03-16,智能手表,电子产品,华北,北京,团购渠道,46,7616.56,5799.58,350361.76,266780.68,83581.08
2025-03-16,笔记本电脑,电子产品,华北,石家庄,直营网站,13,8998.59,5941.84,116981.67,77243.92,39737.75
2025-03-16,平板电脑,电子产品,华东,杭州,代理商,34,4525.85,2643.74,153878.9,89887.16,63991.74
2025-03-16,耳机,电子产品,华西,重庆,代理商,19,9770.32,4340.84,185636.08,82475.96,103160.12
2025-03-16,耳机,电子产品,华北,太原,电商平台,38,2872.37,2135.14,109150.06,81135.32,28014.74
2025-03-17,平板电脑,电子产品,华南,珠海,线下门店,28,278.26,218.47,7791.28,6117.16,1674.12
2025-03-17,笔记本电脑,电子产品,华西,西安,线下门店,19,8740.26,3889.7,166064.94,73904.3,92160.64
2025-03-17,智能手表,电子产品,华西,昆明,线下门店,30,556.62,348.93,16698.6,10467.9,6230.7
2025-03-17,耳机,电子产品,华南,珠海,团购渠道,35,2340.88,1620.12,81930.8,56704.2,25226.6
2025-03-17,笔记本电脑,配件,华东,苏州,直营网站,8,8784.89,4675.0,70279.12,37400.0,32879.12
2025-03-18,笔记本电脑,配件,华东,杭州,团购渠道,49,2924.37,1671.78,143294.13,81917.22,61376.91
2025-03-18,平板电脑,配件,华南,深圳,团购渠道,21,730.05,534.8,15331.05,11230.8,4100.25
2025-03-18,平板电脑,配件,华北,北京,团购渠道,9,9105.31,6079.43,81947.79,54714.87,27232.92
2025-03-18,笔记本电脑,配件,华西,昆明,线下门店,8,5222.72,2988.29,41781.76,23906.32,17875.44
2025-03-18,耳机,配件,华西,重庆,线下门店,19,8935.98,5159.21,169783.62,98024.99,71758.63
2025-03-18,智能手表,电子产品,华南,厦门,线下门店,29,6432.1,4313.18,186530.9,125082.22,61448.68
2025-03-18,耳机,配件,华西,重庆,直营网站,45,9710.59,4904.53,436976.55,220703.85,216272.7
2025-03-18,手机,电子产品,华东,上海,线下门店,8,6377.63,2732.0,51021.04,21856.0,29165.04
2025-03-19,手机,电子产品,华北,太原,电商平台,27,1486.24,759.06,40128.48,20494.62,19633.86
2025-03-19,笔记本电脑,电子产品,华北,北京,线下门店,35,2041.37,1315.28,71447.95,46034.8,25413.15
2025-03-19,智能手表,配件,华西,成都,团购渠道,38,8555.95,3591.78,325126.1,136487.64,188638.46
2025-03-20,耳机,配件,华北,天津,团购渠道,49,2263.25,1264.52,110899.25,61961.48,48937.77
2025-03-20,笔记本电脑,电子产品,华西,成都,线下门店,41,8200.25,5023.8,336210.25,205975.8,130234.45
2025-03-20,平板电脑,电子产品,华东,上海,团购渠道,11,544.05,315.68,5984.55,3472.48,2512.07
2025-03-20,智能手表,电子产品,华西,昆明,代理商,12,8834.36,5904.68,106012.32,70856.16,35156.16
2025-03-20,智能手表,配件,华北,太原,线下门店,45,7212.45,5637.35,324560.25,253680.75,70879.5
2025-03-21,笔记本电脑,电子产品,华南,珠海,团购渠道,47,689.29,442.19,32396.63,20782.93,11613.7
2025-03-21,手机,配件,华南,厦门,线下门店,36,3753.62,1683.16,135130.32,60593.76,74536.56
2025-03-21,耳机,配件,华西,成都,线下门店,12,893.78,484.35,10725.36,5812.2,4913.16
2025-03-21,手机,电子产品,华北,北京,电商平台,2,8891.59,5685.97,17783.18,11371.94,6411.24
2025-03-21,手机,电子产品,华南,广州,线下门店,39,8749.62,6033.64,341235.18,235311.96,105923.22
2025-03-21,平板电脑,电子产品,华南,广州,代理商,16,9913.51,7217.09,158616.16,115473.44,43142.72
2025-03-21,笔记本电脑,配件,华西,西安,代理商,1,935.48,523.63,935.48,523.63,411.85
2025-03-22,智能手表,配件,华北,石家庄,线下门店,23,8185.56,3494.86,188267.88,80381.78,107886.1
2025-03-22,智能手表,配件,华东,南京,直营网站,35,868.38,535.8,30393.3,18753.0,11640.3
2025-03-22,手机,配件,华西,昆明,电商平台,32,8241.98,6124.0,263743.36,195968.0,67775.36
2025-03-22,笔记本电脑,电子产品,华东,苏州,代理商,48,221.87,121.59,10649.76,5836.32,4813.44
2025-03-22,耳机,配件,华北,太原,电商平台,28,4362.24,1993.71,122142.72,55823.88,66318.84
2025-03-22,笔记本电脑,电子产品,华东,苏州,代理商,29,5220.67,2879.53,151399.43,83506.37,67893.06
2025-03-22,平板电脑,电子产品,华东,杭州,代理商,11,3181.05,2134.0,34991.55,23474.0,11517.55
2025-03-23,手机,配件,华西,昆明,直营网站,38,4594.62,3102.79,174595.56,117906.02,56689.54
2025-03-23,智能手表,配件,华北,天津,代理商,3,9643.77,5339.59,28931.31,16018.77,12912.54
2025-03-23,平板电脑,配件,华南,珠海,代理商,42,4014.8,2108.9,168621.6,88573.8,80047.8
2025-03-23,智能手表,电子产品,华北,天津,电商平台,37,8371.25,4588.77,309736.25,169784.49,139951.76
2025-03-23,耳机,电子产品,华东,杭州,直营网站,18,8284.4,6574.54,149119.2,118341.72,30777.48
2025-03-23,智能手表,电子产品,华东,南京,直营网站,17,3916.57,2099.89,66581.69,35698.13,30883.56
2025-03-23,耳机,电子产品,华北,北京,线下门店,13,5462.88,3850.02,71017.44,50050.26,20967.18
2025-03-24,平板电脑,电子产品,华南,深圳,团购渠道,49,5123.72,3437.79,251062.28,168451.71,82610.57
2025-03-24,智能手表,配件,华东,杭州,直营网站,1,5846.63,2664.18,5846.63,2664.18,3182.45
2025-03-24,平板电脑,电子产品,华东,南京,代理商,36,4077.61,3252.05,146793.96,117073.8,29720.16
2025-03-24,耳机,配件,华西,重庆,线下门店,24,6244.54,3000.66,149868.96,72015.84,77853.12
2025-03-24,智能手表,配件,华西,成都,线下门店,37,5475.94,2689.23,202609.78,99501.51,103108.27
2025-03-25,智能手表,配件,华东,南京,团购渠道,47,8712.69,3940.41,409496.43,185199.27,224297.16
2025-03-25,平板电脑,电子产品,华西,成都,线下门店,20,4721.14,1953.53,94422.8,39070.6,55352.2
2025-03-25,笔记本电脑,电子产品,华东,南京,直营网站,44,7570.75,4518.01,333113.0,198792.44,134320.56
2025-03-25,手机,配件,华南,珠海,线下门店,24,4468.11,2869.88,107234.64,68877.12,38357.52
2025-03-25,笔记本电脑,电子产品,华南,广州,代理商,14,4614.19,2664.15,64598.66,37298.1,27300.56
2025-03-26,智能手表,电子产品,华西,西安,线下门店,8,8554.22,4924.32,68433.76,39394.56,29039.2
2025-03-26,笔记本电脑,电子产品,华西,昆明,代理商,38,2634.87,1086.4,100125.06,41283.2,58841.86
2025-03-26,智能手表,电子产品,华东,苏州,电商平台,32,9299.65,3833.5,297588.8,122672.0,174916.8
2025-03-26,平板电脑,配件,华南,深圳,团购渠道,16,8216.0,4382.11,131456.0,70113.76,61342.24
2025-03-26,平板电脑,配件,华南,广州,代理商,19,2086.45,1664.69,39642.55,31629.11,8013.44
2025-03-26,平板电脑,电子产品,华西,成都,团购渠道,1,783.39,315.13,783.39,315.13,468.26
2025-03-27,耳机,配件,华北,石家庄,线下门店,36,7030.34,3105.73,253092.24,111806.28,141285.96
2025-03-27,笔记本电脑,配件,华南,深圳,直营网站,30,342.53,178.96,10275.9,5368.8,4907.1
2025-03-27,平板电脑,配件,华西,成都,团购渠道,32,815.93,638.09,26109.76,20418.88,5690.88
2025-03-27,平板电脑,配件,华西,重庆,线下门店,34,7965.7,5439.26,270833.8,184934.84,85898.96
2025-03-27,耳机,配件,华南,深圳,团购渠道,47,2190.01,1632.35,102930.47,76720.45,26210.02
2025-03-27,平板电脑,配件,华东,南京,代理商,29,5874.25,4328.69,170353.25,125532.01,44821.24
2025-03-27,笔记本电脑,电子产品,华南,广州,团购渠道,21,2224.82,1260.25,46721.22,26465.25,20255.97
2025-03-28,笔记本电脑,电子产品,华东,苏州,电商平台,10,8232.18,5119.29,82321.8,51192.9,31128.9
2025-03-28,耳机,配件,华南,深圳,电商平台,28,2423.07,1263.09,67845.96,35366.52,32479.44
2025-03-28,耳机,电子产品,华东,杭州,电商平台,12,5017.28,2577.43,60207.36,30929.16,29278.2
2025-03-29,手机,电子产品,华东,上海,直营网站,49,3244.11,1297.82,158961.39,63593.18,95368.21
2025-03-29,手机,电子产品,华南,深圳,线下门店,23,5874.34,3446.99,135109.82,79280.77,55829.05
2025-03-29,智能手表,配件,华北,太原,团购渠道,28,1108.73,603.25,31044.44,16891.0,14153.44
2025-03-29,平板电脑,电子产品,华东,南京,直营网站,4,7910.43,5986.21,31641.72,23944.84,7696.88
2025-03-30,平板电脑,电子产品,华南,厦门,直营网站,37,1248.62,520.57,46198.94,19261.09,26937.85
2025-03-30,智能手表,电子产品,华西,西安,线下门店,10,1477.25,741.13,14772.5,7411.3,7361.2
2025-03-30,平板电脑,电子产品,华北,北京,直营网站,11,9512.65,6478.27,104639.15,71260.97,33378.18
2025-03-30,笔记本电脑,电子产品,华西,西安,代理商,12,9994.72,4416.9,119936.64,53002.8,66933.84
2025-03-30,耳机,配件,华北,石家庄,电商平台,14,7730.73,3101.2,108230.22,43416.8,64813.42
2025-03-30,笔记本电脑,电子产品,华南,广州,团购渠道,36,8518.45,4129.72,306664.2,148669.92,157994.28
2025-03-30,笔记本电脑,配件,华东,南京,线下门店,36,6810.35,4379.74,245172.6,157670.64,87501.96
2025-03-31,笔记本电脑,配件,华西,西安,直营网站,18,7397.26,5842.63,133150.68,105167.34,27983.34
2025-03-31,耳机,电子产品,华西,昆明,线下门店,36,944.88,394.21,34015.68,14191.56,19824.12
2025-03-31,智能手表,电子产品,华北,天津,电商平台,44,1088.68,735.1,47901.92,32344.4,15557.52
2025-03-31,智能手表,电子产品,华南,厦门,电商平台,22,7122.89,5552.57,156703.58,122156.54,34547.04
2025-04-01,笔记本电脑,电子产品,华东,南京,线下门店,12,5991.8,2420.5,71901.6,29046.0,42855.6
2025-04-01,平板电脑,电子产品,华西,重庆,直营网站,26,6807.67,3572.29,176999.42,92879.54,84119.88
2025-04-01,耳机,配件,华东,上海,直营网站,12,1342.95,546.28,16115.4,6555.36,9560.04
2025-04-01,平板电脑,电子产品,华南,广州,电商平台,37,2729.27,1110.87,100982.99,41102.19,59880.8
2025-04-01,智能手表,电子产品,华北,石家庄,电商平台,7,3546.15,1945.76,24823.05,13620.32,11202.73
2025-04-02,智能手表,配件,华北,石家庄,直营网站,47,6788.24,4200.46,319047.28,197421.62,121625.66
2025-04-02,笔记本电脑,电子产品,华北,太原,团购渠道,22,1608.05,1221.77,35377.1,26878.94,8498.16
2025-04-02,智能手表,电子产品,华北,天津,电商平台,28,4786.67,2029.01,134026.76,56812.28,77214.48
2025-04-02,耳机,配件,华西,重庆,线下门店,5,5354.3,3535.89,26771.5,17679.45,9092.05
2025-04-02,平板电脑,电子产品,华西,昆明,线下门店,17,2331.27,1115.12,39631.59,18957.04,20674.55
2025-04-03,笔记本电脑,配件,华北,天津,代理商,45,2834.75,2247.0,127563.75,101115.0,26448.75
2025-04-03,耳机,电子产品,华东,苏州,代理商,43,8117.62,6323.29,349057.66,271901.47,77156.19
2025-04-03,耳机,电子产品,华东,杭州,线下门店,46,715.81,328.5,32927.26,15111.0,17816.26
2025-04-03,智能手表,配件,华西,成都,代理商,33,9583.55,5863.83,316257.15,193506.39,122750.76
2025-04-04,手机,电子产品,华南,广州,电商平台,14,5511.11,3158.56,77155.54,44219.84,32935.7
2025-04-04,平板电脑,配件,华南,广州,直营网站,45,594.79,438.63,26765.55,19738.35,7027.2
2025-04-04,平板电脑,电子产品,华南,珠海,直营网站,44,9610.21,4601.08,422849.24,202447.52,220401.72
2025-04-04,平板电脑,配件,华西,昆明,代理商,26,5273.14,2571.43,137101.64,66857.18,70244.46
2025-04-04,智能手表,电子产品,华南,珠海,电商平台,26,240.48,175.97,6252.48,4575.22,1677.26
2025-04-04,智能手表,电子产品,华北,天津,线下门店,43,4012.54,3134.43,172539.22,134780.49,37758.73
2025-04-04,手机,电子产品,华西,成都,电商平台,8,7753.58,4062.88,62028.64,32503.04,29525.6
2025-04-05,笔记本电脑,电子产品,华东,上海,代理商,20,5694.34,4035.3,113886.8,80706.0,33180.8
2025-04-05,耳机,电子产品,华北,天津,直营网站,37,3832.16,2378.99,141789.92,88022.63,53767.29
2025-04-05,平板电脑,电子产品,华西,重庆,直营网站,40,8495.62,5875.1,339824.8,235004.0,104820.8
2025-04-05,平板电脑,配件,华北,石家庄,线下门店,29,4860.81,3232.31,140963.49,93736.99,47226.5
2025-04-05,手机,配件,华北,天津,代理商,34,9933.22,4151.73,337729.48,141158.82,196570.66
2025-04-05,智能手表,电子产品,华北,石家庄,直营网站,20,7567.22,5806.86,151344.4,116137.2,35207.2
2025-04-05,笔记本电脑,电子产品,华东,南京,线下门店,18,9925.18,5503.8,178653.24,99068.4,79584.84
2025-04-05,智能手表,电子产品,华南,厦门,线下门店,1,1996.77,1532.11,1996.77,1532.11,464.66
2025-04-06,手机,电子产品,华东,上海,线下门店,5,456.59,214.64,2282.95,1073.2,1209.75
2025-04-06,手机,配件,华北,北京,团购渠道,4,5858.06,3366.31,23432.24,13465.24,9967.0
2025-04-06,平板电脑,电子产品,华东,苏州,电商平台,19,1523.76,871.65,28951.44,16561.35,12390.09
2025-04-06,手机,配件,华北,北京,直营网站,23,4815.72,2884.69,110761.56,66347.87,44413.69
2025-04-06,耳机,电子产品,华北,太原,线下门店,48,3382.49,2509.85,162359.52,120472.8,41886.72
2025-04-06,耳机,配件,华北,石家庄,直营网站,15,8807.02,5143.31,132105.3,77149.65,54955.65
2025-04-07,智能手表,配件,华南,广州,电商平台,4,1600.79,1201.16,6403.16,4804.64,1598.52
2025-04-07,智能手表,配件,华西,西安,团购渠道,5,3979.06,2461.77,19895.3,12308.85,7586.45
2025-04-07,笔记本电脑,电子产品,华北,北京,直营网站,6,640.88,505.8,3845.28,3034.8,810.48
2025-04-07,智能手表,电子产品,华西,西安,代理商,22,7320.51,5759.32,161051.22,126705.04,34346.18
2025-04-07,平板电脑,电子产品,华西,西安,线下门店,5,7614.78,4902.79,38073.9,24513.95,13559.95
2025-04-08,智能手表,电子产品,华西,西安,代理商,14,1341.03,717.16,18774.42,10040.24,8734.18
2025-04-08,耳机,电子产品,华西,昆明,团购渠道,21,1581.05,873.18,33202.05,18336.78,14865.27
2025-04-08,手机,配件,华西,西安,电商平台,9,2761.58,1798.82,24854.22,16189.38,8664.84
2025-04-08,笔记本电脑,电子产品,华西,昆明,直营网站,47,7172.8,5046.8,337121.6,237199.6,99922.0
2025-04-08,笔记本电脑,电子产品,华东,上海,代理商,36,9726.96,5637.02,350170.56,202932.72,147237.84
2025-04-08,手机,配件,华东,苏州,代理商,6,9217.85,6248.21,55307.1,37489.26,17817.84
2025-04-08,智能手表,配件,华北,北京,电商平台,41,2032.88,1093.97,83348.08,44852.77,38495.31
2025-04-08,耳机,配件,华北,石家庄,线下门店,49,7297.86,4559.92,357595.14,223436.08,134159.06
2025-04-09,笔记本电脑,电子产品,华南,珠海,直营网站,32,3933.65,2999.92,125876.8,95997.44,29879.36
2025-04-09,笔记本电脑,电子产品,华东,苏州,代理商,40,7995.72,5168.15,319828.8,206726.0,113102.8
2025-04-09,手机,电子产品,华东,苏州,代理商,29,8189.57,5065.84,237497.53,146909.36,90588.17
2025-04-10,平板电脑,电子产品,华北,北京,代理商,16,8640.14,4075.57,138242.24,65209.12,73033.12
2025-04-10,平板电脑,电子产品,华西,昆明,代理商,43,8666.43,4011.77,372656.49,172506.11,200150.38
2025-04-10,耳机,配件,华东,南京,代理商,37,801.83,421.08,29667.71,15579.96,14087.75
2025-04-11,手机,配件,华东,杭州,代理商,18,2550.35,1186.23,45906.3,21352.14,24554.16
2025-04-11,笔记本电脑,电子产品,华西,重庆,团购渠道,11,1995.13,1126.57,21946.43,12392.27,9554.16
2025-04-11,笔记本电脑,电子产品,华北,太原,团购渠道,33,2929.01,1678.64,96657.33,55395.12,41262.21
2025-04-11,平板电脑,配件,华北,石家庄,电商平台,30,3801.82,2956.98,114054.6,88709.4,25345.2
2025-04-11,智能手表,配件,华南,珠海,代理商,29,1103.59,564.09,32004.11,16358.61,15645.5
2025-04-12,手机,电子产品,华北,太原,电商平台,29,9773.33,4312.47,283426.57,125061.63,158364.94
2025-04-12,手机,电子产品,华西,重庆,线下门店,5,1979.17,1252.56,9895.85,6262.8,3633.05
2025-04-12,笔记本电脑,电子产品,华北,太原,代理商,3,2132.8,1265.21,6398.4,3795.63,2602.77
2025-04-12,手机,配件,华西,重庆,电商平台,43,5994.06,2810.28,257744.58,120842.04,136902.54
2025-04-13,耳机,电子产品,华北,天津,直营网站,44,4634.42,2024.49,203914.48,89077.56,114836.92
2025-04-13,手机,配件,华北,天津,代理商,6,2583.84,1732.23,15503.04,10393.38,5109.66
2025-04-13,笔记本电脑,配件,华西,重庆,线下门店,36,2570.29,1030.19,92530.44,37086.84,55443.6
2025-04-13,耳机,电子产品,华东,南京,线下门店,10,6161.36,2989.7,61613.6,29897.0,31716.6
2025-04-13,平板电脑,配件,华北,石家庄,直营网站,34,3798.19,1595.98,129138.46,54263.32,74875.14
2025-04-13,笔记本电脑,电子产品,华北,太原,线下门店,9,4557.52,3568.69,41017.68,32118.21,8899.47
2025-04-13,耳机,电子产品,华北,天津,电商平台,32,6757.36,5343.74,216235.52,170999.68,45235.84
2025-04-13,笔记本电脑,配件,华南,珠海,电商平台,35,8911.56,3865.13,311904.6,135279.55,176625.05
2025-04-14,耳机,电子产品,华东,苏州,团购渠道,9,4440.01,3545.37,39960.09,31908.33,8051.76
2025-04-14,耳机,电子产品,华东,上海,线下门店,42,7038.59,3389.85,295620.78,142373.7,153247.08
2025-04-14,笔记本电脑,电子产品,华东,杭州,直营网站,47,392.09,212.67,18428.23,9995.49,8432.74
2025-04-15,智能手表,电子产品,华西,重庆,代理商,3,2231.91,1425.83,6695.73,4277.49,2418.24
2025-04-15,手机,配件,华西,西安,电商平台,18,8070.39,5884.88,145267.02,105927.84,39339.18
2025-04-15,平板电脑,电子产品,华北,太原,代理商,10,5184.75,2599.34,51847.5,25993.4,25854.1
2025-04-15,平板电脑,配件,华西,西安,电商平台,17,9215.59,5840.65,156665.03,99291.05,57373.98
2025-04-15,笔记本电脑,电子产品,华北,太原,直营网站,33,8963.93,5975.22,295809.69,197182.26,98627.43
2025-04-15,平板电脑,电子产品,华南,广州,电商平台,43,6415.75,4705.68,275877.25,202344.24,73533.01
2025-04-15,耳机,配件,华西,西安,团购渠道,15,733.66,535.5,11004.9,8032.5,2972.4
2025-04-15,平板电脑,配件,华北,北京,直营网站,22,5076.05,2144.48,111673.1,47178.56,64494.54
2025-04-16,耳机,配件,华东,上海,代理商,14,213.78,120.47,2992.92,1686.58,1306.34
2025-04-16,智能手表,配件,华北,北京,线下门店,10,9431.06,6589.58,94310.6,65895.8,28414.8
2025-04-16,平板电脑,电子产品,华东,苏州,代理商,35,8077.86,3256.88,282725.1,113990.8,168734.3
2025-04-16,耳机,配件,华东,苏州,电商平台,23,2623.33,1828.49,60336.59,42055.27,18281.32
2025-04-16,手机,配件,华西,成都,团购渠道,46,9146.51,7144.58,420739.46,328650.68,92088.78
2025-04-16,耳机,配件,华南,广州,电商平台,39,2394.66,1263.05,93391.74,49258.95,44132.79
2025-04-16,智能手表,电子产品,华南,珠海,团购渠道,35,3554.01,2163.11,124390.35,75708.85,48681.5
2025-04-16,智能手表,配件,华东,上海,直营网站,23,4672.25,2643.59,107461.75,60802.57,46659.18
2025-04-17,笔记本电脑,电子产品,华东,上海,团购渠道,32,6970.1,3428.17,223043.2,109701.44,113341.76
2025-04-17,智能手表,电子产品,华东,苏州,团购渠道,2,5365.7,3840.62,10731.4,7681.24,3050.16
2025-04-17,笔记本电脑,配件,华北,天津,代理商,32,8919.47,4429.54,285423.04,141745.28,143677.76
2025-04-17,手机,电子产品,华西,西安,直营网站,34,5240.32,3370.06,178170.88,114582.04,63588.84
2025-04-17,平板电脑,配件,华东,南京,直营网站,24,6201.37,3861.91,148832.88,92685.84,56147.04
2025-04-17,笔记本电脑,配件,华北,石家庄,代理商,10,4177.46,2930.23,41774.6,29302.3,12472.3
2025-04-17,智能手表,配件,华南,珠海,团购渠道,1,6351.05,3893.2,6351.05,3893.2,2457.85
2025-04-17,智能手表,配件,华北,北京,团购渠道,29,4447.05,3522.84,128964.45,102162.36,26802.09
2025-04-18,智能手表,电子产品,华南,广州,代理商,7,7752.57,6051.48,54267.99,42360.36,11907.63
2025-04-18,笔记本电脑,电子产品,华南,广州,代理商,25,6765.14,3810.45,169128.5,95261.25,73867.25
2025-04-18,智能手表,电子产品,华东,苏州,电商平台,16,198.79,137.04,3180.64,2192.64,988.0
2025-04-19,智能手表,电子产品,华南,厦门,线下门店,44,3402.92,2438.61,149728.48,107298.84,42429.64
2025-04-19,智能手表,电子产品,华东,南京,线下门店,45,4895.01,1984.18,220275.45,89288.1,130987.35
2025-04-19,笔记本电脑,配件,华南,珠海,电商平台,32,515.66,305.12,16501.12,9763.84,6737.28
2025-04-20,耳机,电子产品,华西,昆明,线下门店,49,833.64,458.66,40848.36,22474.34,18374.02
2025-04-20,智能手表,配件,华东,苏州,团购渠道,42,3279.51,1600.55,137739.42,67223.1,70516.32
2025-04-20,平板电脑,电子产品,华南,厦门,代理商,11,6601.62,4512.25,72617.82,49634.75,22983.07
